elapsed, window, n, min, mean, median, 95th, 99th, 99_9th, max, errors
10.000358, 10.000358, 76515, 4285, 8798.0, 8581, 10348, 11723, 23928, 151813, 0
13.731012, 3.730654, 23485, 2230, 8602.0, 8513, 10366, 11585, 15027, 20808, 0
