elapsed, window, total, successful, failed
10.000358, 10.000358, 76515, 76515, 0
13.731012, 3.730654, 23485, 23485, 0
