elapsed, window, total, successful, failed
10.000807, 10.000807, 17869, 17869, 0
20.002686, 10.001879, 18835, 18835, 0
27.252174, 7.249488, 13296, 13296, 0
