elapsed, window, total, successful, failed
10.001003, 10.001003, 1159, 1159, 0
20.002014, 10.001011, 1136, 1136, 0
30.002005, 9.999991, 1149, 1149, 0
40.002003, 9.999998, 1173, 1173, 0
50.002017, 10.000014, 1158, 1158, 0
60.002004, 9.999987, 1114, 1114, 0
70.002011, 10.000007, 1153, 1153, 0
80.002006, 9.999995, 1146, 1146, 0
87.093156, 7.09115, 812, 812, 0
