elapsed, window, n, min, mean, median, 95th, 99th, 99_9th, max, errors
10.000958, 10.000958, 2565, 7036, 246567.0, 248424, 265148, 286364, 287315, 287755, 0
20.002013, 10.001055, 2503, 240416, 255185.9, 252143, 294776, 348813, 352784, 353569, 0
30.001977, 9.999964, 2441, 240416, 260941.5, 256284, 296467, 390689, 391428, 391785, 0
40.002002, 10.000025, 2441, 248236, 262281.0, 260379, 282971, 299966, 300539, 300741, 0
40.21216, 0.210158, 50, 3934, 260693.6, 260311, 281994, 299913, 300539, 300741, 0
