elapsed, window, total, successful, failed
10.000732, 10.000732, 10572, 10572, 0
20.003243, 10.002511, 11390, 11390, 0
30.002842, 9.999599, 11474, 11474, 0
40.005921, 10.003079, 11536, 11536, 0
44.514383, 4.508462, 5028, 5028, 0
