elapsed, window, total, successful, failed
10.000386, 10.000386, 142653, 142653, 0
20.001347, 10.000961, 129911, 129911, 0
30.001347, 10.0, 143695, 143695, 0
40.001355, 10.000008, 105933, 105933, 0
50.001394, 10.000039, 64166, 64166, 0
60.001375, 9.999981, 160328, 160328, 0
70.001579, 10.000204, 133903, 133903, 0
80.009689, 10.00811, 116323, 116323, 0
80.920302, 0.910613, 3088, 3088, 0
