elapsed, window, n, min, mean, median, 95th, 99th, 99_9th, max, errors
10.000669, 10.000669, 78230, 4916, 8533.9, 8282, 10291, 11680, 14652, 160953, 0
13.666054, 3.665385, 21770, 2425, 8576.4, 8445, 10487, 11940, 13377, 17810, 0
