elapsed, window, total, successful, failed
10.000669, 10.000669, 78230, 78230, 0
13.666054, 3.665385, 21770, 21770, 0
