elapsed, window, n, min, mean, median, 95th, 99th, 99_9th, max, errors
10.000784, 10.000784, 76602, 4170, 8816.5, 8606, 10621, 11927, 23586, 164952, 0
13.719627, 3.718843, 23398, 2330, 8418.0, 8188, 10616, 11835, 18988, 25825, 0
