elapsed, window, total, successful, failed
10.000784, 10.000784, 76602, 76602, 0
13.719627, 3.718843, 23398, 23398, 0
