elapsed, window, total, successful, failed
10.000835, 10.000835, 53872, 53872, 0
19.781791, 9.780956, 46128, 46128, 0
