elapsed, window, total, successful, failed
10.00041, 10.00041, 2574, 2574, 0
20.001449, 10.001039, 2524, 2524, 0
30.001418, 9.999969, 2436, 2436, 0
40.001453, 10.000035, 2426, 2426, 0
40.169696, 0.168243, 40, 40, 0
