elapsed, window, n, min, mean, median, 95th, 99th, 99_9th, max, errors
10.00041, 10.00041, 2574, 6351, 245404.8, 247364, 255676, 281195, 285778, 285982, 0
20.001449, 10.001039, 2524, 223303, 252800.1, 251843, 279061, 287483, 290164, 290851, 0
30.001418, 9.999969, 2436, 246668, 261752.6, 256765, 286541, 401648, 403136, 403449, 0
40.001453, 10.000035, 2426, 229125, 264084.1, 259475, 312201, 370855, 371220, 371364, 0
40.169696, 0.168243, 40, 4051, 263023.1, 259505, 312095, 370855, 371220, 371364, 0
