elapsed, window, n, min, mean, median, 95th, 99th, 99_9th, max, errors
10.000732, 10.000732, 10572, 12511, 47440.4, 45641, 68534, 83373, 205033, 209915, 0
20.003243, 10.002511, 11390, 13274, 43589.2, 42436, 63292, 74497, 90553, 110109, 0
30.002842, 9.999599, 11474, 10892, 43201.3, 42120, 63056, 74200, 89728, 103348, 0
40.005921, 10.003079, 11536, 11524, 42796.1, 41433, 63721, 75659, 92129, 112573, 0
44.514383, 4.508462, 5028, 5167, 42167.1, 41026, 63058, 75098, 90430, 115785, 0
