elapsed, window, n, min, mean, median, 95th, 99th, 99_9th, max, errors
10.000807, 10.000807, 17869, 2381, 28037.8, 20912, 75619, 100641, 130474, 157235, 0
20.002686, 10.001879, 18835, 2340, 26663.5, 18012, 74239, 92232, 106967, 157235, 0
27.252174, 7.249488, 13296, 2496, 26156.7, 17076, 77877, 97297, 112768, 136774, 0
