elapsed, window, total, successful, failed
10.000241, 10.000241, 123955, 123955, 0
20.001224, 10.000983, 153876, 153876, 0
30.001241, 10.000017, 136033, 136033, 0
40.001243, 10.000002, 139237, 139237, 0
50.001248, 10.000005, 145197, 145197, 0
60.003962, 10.002714, 133636, 133636, 0
70.011285, 10.007323, 141829, 141829, 0
73.405746, 3.394461, 26237, 26237, 0
