elapsed, window, n, min, mean, median, 95th, 99th, 99_9th, max, errors
10.04002, 10.04002, 3171472, 24, 102.3, 93, 150, 180, 515, 171394, 0
25.957073, 15.917053, 1282827, 24, 110.0, 94, 153, 254, 1283, 91985, 0
36.574036, 10.616963, 1397477, 24, 109.9, 92, 154, 268, 1616, 91985, 0
48.02152, 11.447484, 1478861, 24, 106.0, 89, 155, 253, 1331, 49145, 0
60.5512, 12.52968, 1260161, 23, 109.2, 91, 155, 261, 1075, 110387, 0
70.839991, 10.288791, 1409202, 23, 105.6, 89, 151, 246, 1340, 269629, 0
