elapsed, window, total, successful, failed
10.04002, 10.04002, 3171472, 3171472, 0
25.957073, 15.917053, 1282827, 1282827, 0
36.574036, 10.616963, 1397477, 1397477, 0
48.02152, 11.447484, 1478861, 1478861, 0
60.5512, 12.52968, 1260161, 1260161, 0
70.839991, 10.288791, 1409202, 1409202, 0
