elapsed, window, n, min, mean, median, 95th, 99th, 99_9th, max, errors
10.000308, 10.000308, 15590, 8007, 32624.1, 30786, 51543, 68775, 172891, 200363, 0
20.001174, 10.000866, 15769, 4075, 31219.2, 29409, 53620, 71836, 94674, 114436, 0
30.001243, 10.000069, 16003, 5426, 31128.8, 30215, 48186, 58954, 75014, 93238, 0
31.75689, 1.755647, 2638, 3067, 30745.3, 29895, 47959, 58895, 76501, 93343, 0
