elapsed, window, total, successful, failed
10.000308, 10.000308, 15590, 15590, 0
20.001174, 10.000866, 15769, 15769, 0
30.001243, 10.000069, 16003, 16003, 0
31.75689, 1.755647, 2638, 2638, 0
