elapsed, window, n, min, mean, median, 95th, 99th, 99_9th, max, errors
10.001165, 10.001165, 77597, 3232, 8673.4, 8436, 10378, 12824, 20549, 159566, 0
13.78996, 3.788795, 22403, 2363, 8690.4, 8631, 10408, 12099, 17914, 22169, 0
