elapsed, window, total, successful, failed
10.001165, 10.001165, 77597, 77597, 0
13.78996, 3.788795, 22403, 22403, 0
