elapsed, window, n, min, mean, median, 95th, 99th, 99_9th, max, errors
10.000783, 10.000783, 77692, 3106, 8679.1, 8391, 10388, 11563, 21598, 160254, 0
13.813867, 3.813084, 22308, 2441, 8580.5, 8387, 10500, 11500, 16528, 24497, 0
