elapsed, window, total, successful, failed
10.0009, 10.0009, 1974, 1974, 0
20.001916, 10.001016, 1947, 1947, 0
30.001891, 9.999975, 1930, 1930, 0
40.00189, 9.999999, 1862, 1862, 0
50.001903, 10.000013, 1886, 1886, 0
52.134273, 2.13237, 401, 401, 0
