elapsed, window, n, min, mean, median, 95th, 99th, 99_9th, max, errors
10.0009, 10.0009, 1974, 5954, 318813.5, 321725, 347409, 374898, 376714, 377103, 0
20.001916, 10.001016, 1947, 305250, 327828.9, 325538, 351639, 356266, 358052, 358242, 0
30.001891, 9.999975, 1930, 305870, 331219.7, 326121, 356770, 437494, 439979, 440093, 0
40.00189, 9.999999, 1862, 311048, 343637.6, 330379, 491817, 532001, 534213, 534579, 0
50.001903, 10.000013, 1886, 314768, 339387.9, 336721, 360862, 375869, 377458, 377691, 0
52.134273, 2.13237, 401, 4847, 336325.4, 336862, 359289, 375365, 377458, 377691, 0
