elapsed, window, total, successful, failed
10.000952, 10.000952, 21123, 21123, 0
20.002052, 10.0011, 21125, 21125, 0
30.000916, 9.998864, 21311, 21311, 0
40.001925, 10.001009, 20694, 20694, 0
48.186164, 8.184239, 15747, 15747, 0
