elapsed, window, n, min, mean, median, 95th, 99th, 99_9th, max, errors
10.000241, 10.000241, 123955, 21, 71.3, 67, 84, 114, 1353, 76287, 0
20.001224, 10.000983, 153876, 20, 51.2, 43, 67, 94, 1400, 167064, 0
30.001241, 10.000017, 136033, 20, 58.1, 42, 80, 102, 2035, 276445, 0
40.001243, 10.000002, 139237, 19, 57.1, 43, 80, 104, 2382, 159427, 0
50.001248, 10.000005, 145197, 19, 53.0, 40, 66, 95, 1752, 239917, 0
60.003962, 10.002714, 133636, 20, 55.9, 40, 74, 99, 2859, 181955, 0
70.011285, 10.007323, 141829, 19, 55.3, 41, 68, 95, 2372, 280450, 0
73.405746, 3.394461, 26237, 19, 55.2, 40, 54, 91, 2243, 280450, 0
