elapsed, window, n, min, mean, median, 95th, 99th, 99_9th, max, errors
10.000386, 10.000386, 142653, 29, 57.5, 53, 84, 92, 154, 30128, 0
20.001347, 10.000961, 129911, 28, 60.2, 49, 86, 93, 3131, 30128, 0
30.001347, 10.0, 143695, 27, 53.7, 50, 83, 91, 117, 16742, 0
40.001355, 10.000008, 105933, 28, 75.0, 44, 87, 93, 6070, 1631131, 0
50.001394, 10.000039, 64166, 27, 134.0, 78, 91, 96, 142, 4506715, 0
60.001375, 9.999981, 160328, 28, 49.2, 42, 64, 88, 142, 20563, 0
70.001579, 10.000204, 133903, 27, 57.0, 43, 89, 94, 122, 13409, 0
80.009689, 10.00811, 116323, 28, 66.2, 39, 57, 80, 1090, 2168197, 0
80.920302, 0.910613, 3088, 27, 67.4, 39, 52, 79, 979, 2168197, 0
