elapsed, window, total, successful, failed
10.00151, 10.00151, 18162, 18162, 0
20.000883, 9.999373, 19334, 19334, 0
26.607256, 6.606373, 12504, 12504, 0
