elapsed, window, total, successful, failed
10.000958, 10.000958, 2565, 2565, 0
20.002013, 10.001055, 2503, 2503, 0
30.001977, 9.999964, 2441, 2441, 0
40.002002, 10.000025, 2441, 2441, 0
40.21216, 0.210158, 50, 50, 0
