elapsed, window, n, min, mean, median, 95th, 99th, 99_9th, max, errors
10.001139, 10.001139, 125582, 20, 69.3, 67, 84, 113, 850, 10900, 0
20.001228, 10.000089, 134557, 20, 59.0, 47, 82, 106, 1476, 188200, 0
30.004983, 10.003755, 152378, 20, 51.0, 42, 53, 94, 3156, 125063, 0
40.001152, 9.996169, 144907, 20, 53.4, 41, 76, 98, 2434, 159068, 0
50.00115, 9.999998, 137051, 20, 54.4, 41, 72, 95, 2067, 236215, 0
60.001144, 9.999994, 144963, 20, 52.0, 41, 63, 90, 2302, 129086, 0
70.001136, 9.999992, 142202, 19, 55.0, 42, 77, 98, 2540, 242168, 0
71.737951, 1.736815, 18360, 20, 53.0, 41, 77, 97, 1941, 242168, 0
