elapsed, window, total, successful, failed
10.001139, 10.001139, 125582, 125582, 0
20.001228, 10.000089, 134557, 134557, 0
30.004983, 10.003755, 152378, 152378, 0
40.001152, 9.996169, 144907, 144907, 0
50.00115, 9.999998, 137051, 137051, 0
60.001144, 9.999994, 144963, 144963, 0
70.001136, 9.999992, 142202, 142202, 0
71.737951, 1.736815, 18360, 18360, 0
