elapsed, window, n, min, mean, median, 95th, 99th, 99_9th, max, errors
10.000747, 10.000747, 73055, 3540, 9170.6, 9003, 10319, 11430, 24629, 159992, 0
14.34798, 4.347233, 26945, 2431, 9060.9, 8995, 10590, 12420, 20805, 27029, 0
