elapsed, window, total, successful, failed
10.000747, 10.000747, 73055, 73055, 0
14.34798, 4.347233, 26945, 26945, 0
