elapsed, window, n, min, mean, median, 95th, 99th, 99_9th, max, errors
10.001003, 10.001003, 1159, 14124, 538811.5, 549854, 571410, 579213, 581153, 581271, 0
20.002014, 10.001011, 1136, 544984, 560272.5, 560348, 572491, 574964, 577775, 578147, 0
30.002005, 9.999991, 1149, 527251, 556395.5, 553822, 581957, 591758, 592485, 592561, 0
40.002003, 9.999998, 1173, 515811, 547406.6, 546358, 572356, 585560, 589568, 589835, 0
50.002017, 10.000014, 1158, 525408, 551976.5, 553545, 565028, 567503, 568060, 568335, 0
60.002004, 9.999987, 1114, 521432, 573748.7, 558485, 874315, 881123, 883245, 883945, 0
70.002011, 10.000007, 1153, 525557, 555081.0, 557212, 569348, 578575, 580817, 581179, 0
80.002006, 9.999995, 1146, 542476, 559175.2, 559458, 572337, 578575, 580817, 581179, 0
87.093156, 7.09115, 812, 7875, 552333.8, 561083, 576733, 579986, 582189, 582198, 0
