elapsed, window, total, successful, failed
10.000887, 10.000887, 21311, 21311, 0
20.001896, 10.001009, 20761, 20761, 0
30.001878, 9.999982, 21658, 21658, 0
40.002301, 10.000423, 20869, 20869, 0
48.232817, 8.230516, 15401, 15401, 0
