elapsed, window, n, min, mean, median, 95th, 99th, 99_9th, max, errors
10.00151, 10.00151, 18162, 2366, 27808.6, 22427, 69191, 91084, 140318, 158353, 0
20.000883, 9.999373, 19334, 2848, 25722.7, 20854, 65715, 81179, 93270, 103926, 0
26.607256, 6.606373, 12504, 2360, 25096.4, 19900, 64911, 80849, 95895, 117605, 0
